"response_uuid","Age","Trial Total","target_prop","Stimulus type"
"004732ad-6b7f-4b0c-861b-48fe2a7f3287","6",1,0.28,"Non-social"
"036e33eb-cca7-4d18-ab55-63c4c489229a","6",1,0.588,"Non-social"
"036e33eb-cca7-4d18-ab55-63c4c489229a","6",2,0.665,"Non-social"
"036e33eb-cca7-4d18-ab55-63c4c489229a","6",3,0.593,"Non-social"
"036e33eb-cca7-4d18-ab55-63c4c489229a","6",4,0.361,"Non-social"
"036e33eb-cca7-4d18-ab55-63c4c489229a","6",5,0.6055,"Social"
"036e33eb-cca7-4d18-ab55-63c4c489229a","6",6,0.413,"Social"
"04d5f486-93c0-4fa9-b2f8-d0abdef53e6c","12",1,0.2515,"Non-social"
"04d5f486-93c0-4fa9-b2f8-d0abdef53e6c","12",2,0.72,"Non-social"
"04d5f486-93c0-4fa9-b2f8-d0abdef53e6c","12",3,0.685,"Non-social"
"04d5f486-93c0-4fa9-b2f8-d0abdef53e6c","12",4,0.521,"Non-social"
"04d5f486-93c0-4fa9-b2f8-d0abdef53e6c","12",5,0.319,"Social"
"04d5f486-93c0-4fa9-b2f8-d0abdef53e6c","12",6,0.107,"Social"
"06593bf2-f310-46bb-8a43-9c72dc7811b0","6",1,0.438,"Non-social"
"06593bf2-f310-46bb-8a43-9c72dc7811b0","6",2,0.812,"Non-social"
"06593bf2-f310-46bb-8a43-9c72dc7811b0","6",3,0.742,"Non-social"
"06593bf2-f310-46bb-8a43-9c72dc7811b0","6",4,0.5005,"Non-social"
"06593bf2-f310-46bb-8a43-9c72dc7811b0","6",5,0.507,"Social"
"06593bf2-f310-46bb-8a43-9c72dc7811b0","6",6,0.645,"Social"
"06f52932-c87c-4815-adb9-52cc60998bd9","12",1,0.4545,"Non-social"
"06f52932-c87c-4815-adb9-52cc60998bd9","12",2,0.825,"Non-social"
"06f52932-c87c-4815-adb9-52cc60998bd9","12",3,0.6705,"Non-social"
"06f52932-c87c-4815-adb9-52cc60998bd9","12",4,0.622,"Non-social"
"06f52932-c87c-4815-adb9-52cc60998bd9","12",5,0.355,"Social"
"06f52932-c87c-4815-adb9-52cc60998bd9","12",6,0.5125,"Social"
"08eee7ba-ef32-489d-9d25-e6cd14a0b267","6",1,0.685,"Non-social"
"08eee7ba-ef32-489d-9d25-e6cd14a0b267","6",2,0.569,"Non-social"
"08eee7ba-ef32-489d-9d25-e6cd14a0b267","6",3,0.3105,"Non-social"
"08eee7ba-ef32-489d-9d25-e6cd14a0b267","6",4,0.947,"Non-social"
"08eee7ba-ef32-489d-9d25-e6cd14a0b267","6",5,0.595,"Social"
"095b6236-bad8-4356-8325-878f7a78c608","6",2,0.4285,"Non-social"
"095b6236-bad8-4356-8325-878f7a78c608","6",3,0.5725,"Non-social"
"095b6236-bad8-4356-8325-878f7a78c608","6",4,0.627,"Non-social"
"0da636ec-fbd5-4f6b-9b7d-5fa0416da284","12",2,0.6435,"Non-social"
"0da636ec-fbd5-4f6b-9b7d-5fa0416da284","12",3,0.3845,"Non-social"
"0da636ec-fbd5-4f6b-9b7d-5fa0416da284","12",4,0.529,"Non-social"
"0da636ec-fbd5-4f6b-9b7d-5fa0416da284","12",5,0.23,"Social"
"14bde937-9452-4ae0-a0ce-8553c2aa41e5","6",1,0.348,"Non-social"
"14bde937-9452-4ae0-a0ce-8553c2aa41e5","6",2,0.865,"Non-social"
"14bde937-9452-4ae0-a0ce-8553c2aa41e5","6",3,0.322,"Non-social"
"14bde937-9452-4ae0-a0ce-8553c2aa41e5","6",4,0.457,"Non-social"
"14bde937-9452-4ae0-a0ce-8553c2aa41e5","6",5,0.5495,"Social"
"14bde937-9452-4ae0-a0ce-8553c2aa41e5","6",6,0.5845,"Social"
"18088fc2-ebda-40ff-a630-70ffa64a67ea","12",1,0.6205,"Non-social"
"18088fc2-ebda-40ff-a630-70ffa64a67ea","12",2,0.512,"Non-social"
"18088fc2-ebda-40ff-a630-70ffa64a67ea","12",3,0.5235,"Non-social"
"18088fc2-ebda-40ff-a630-70ffa64a67ea","12",4,0.5745,"Non-social"
"18088fc2-ebda-40ff-a630-70ffa64a67ea","12",5,0.5285,"Social"
"18088fc2-ebda-40ff-a630-70ffa64a67ea","12",6,0.733,"Social"
"1afcb3c4-2834-4ba8-bb46-e4d987cb35ec","12",2,0.5435,"Non-social"
"1afcb3c4-2834-4ba8-bb46-e4d987cb35ec","12",3,0.3835,"Non-social"
"1afcb3c4-2834-4ba8-bb46-e4d987cb35ec","12",4,0.427,"Non-social"
"1afcb3c4-2834-4ba8-bb46-e4d987cb35ec","12",6,0.678,"Social"
"1b9291ee-7904-4319-a182-222c2f7e9ddb","12",1,0.4865,"Non-social"
"1b9291ee-7904-4319-a182-222c2f7e9ddb","12",3,0.496,"Non-social"
"1b9291ee-7904-4319-a182-222c2f7e9ddb","12",6,0.5615,"Social"
"1c0a5b8d-7617-42eb-a1f4-71e8d2c8f51e","12",1,0.462,"Non-social"
"1c0a5b8d-7617-42eb-a1f4-71e8d2c8f51e","12",2,0.724,"Non-social"
"1d11ddd0-c1f0-4d87-b732-f16083f88e22","6",1,0.401,"Non-social"
"1d11ddd0-c1f0-4d87-b732-f16083f88e22","6",2,0.5715,"Non-social"
"1d11ddd0-c1f0-4d87-b732-f16083f88e22","6",3,0.706,"Non-social"
"1d11ddd0-c1f0-4d87-b732-f16083f88e22","6",4,0.587,"Non-social"
"1d11ddd0-c1f0-4d87-b732-f16083f88e22","6",5,0.44,"Social"
"1d11ddd0-c1f0-4d87-b732-f16083f88e22","6",6,0.845,"Social"
"1da22c85-469f-44c2-9bb3-312daf3b21a5","12",1,0.5375,"Non-social"
"1da22c85-469f-44c2-9bb3-312daf3b21a5","12",2,0.722,"Non-social"
"1da22c85-469f-44c2-9bb3-312daf3b21a5","12",3,0.594,"Non-social"
"1da22c85-469f-44c2-9bb3-312daf3b21a5","12",4,0.347,"Non-social"
"1da22c85-469f-44c2-9bb3-312daf3b21a5","12",5,0.5205,"Social"
"1da22c85-469f-44c2-9bb3-312daf3b21a5","12",6,0.5845,"Social"
"2422cca0-c228-4211-86c5-809afbcc7a4d","12",1,0.689,"Non-social"
"2422cca0-c228-4211-86c5-809afbcc7a4d","12",2,0.73,"Non-social"
"2422cca0-c228-4211-86c5-809afbcc7a4d","12",5,0.596,"Social"
"257e85c7-6ba9-45b5-98da-5cd61b51b694","12",1,0.678,"Non-social"
"257e85c7-6ba9-45b5-98da-5cd61b51b694","12",2,0.5245,"Non-social"
"257e85c7-6ba9-45b5-98da-5cd61b51b694","12",3,0.715,"Non-social"
"257e85c7-6ba9-45b5-98da-5cd61b51b694","12",4,0.6255,"Non-social"
"257e85c7-6ba9-45b5-98da-5cd61b51b694","12",5,0.452,"Social"
"257e85c7-6ba9-45b5-98da-5cd61b51b694","12",6,0.6045,"Social"
"293e9cd5-1fc6-4950-afd2-7929b83e0d4a","12",1,0.534,"Non-social"
"293e9cd5-1fc6-4950-afd2-7929b83e0d4a","12",2,0.6255,"Non-social"
"293e9cd5-1fc6-4950-afd2-7929b83e0d4a","12",3,0.4825,"Non-social"
"293e9cd5-1fc6-4950-afd2-7929b83e0d4a","12",4,0.483,"Non-social"
"293e9cd5-1fc6-4950-afd2-7929b83e0d4a","12",5,0.5195,"Social"
"293e9cd5-1fc6-4950-afd2-7929b83e0d4a","12",6,0.634,"Social"
"2ac97100-84f4-4172-a88f-82e8e886ea58","12",2,0.5655,"Non-social"
"2ac97100-84f4-4172-a88f-82e8e886ea58","12",3,0.367,"Non-social"
"2ac97100-84f4-4172-a88f-82e8e886ea58","12",5,0.6205,"Social"
"2ac97100-84f4-4172-a88f-82e8e886ea58","12",6,0.328,"Social"
"2e9bcba0-31d6-48ef-9ec8-04ccbc838ff9","12",1,0.3975,"Non-social"
"2e9bcba0-31d6-48ef-9ec8-04ccbc838ff9","12",2,0.253,"Non-social"
"2e9bcba0-31d6-48ef-9ec8-04ccbc838ff9","12",3,0.6045,"Non-social"
"2e9bcba0-31d6-48ef-9ec8-04ccbc838ff9","12",4,0.582,"Non-social"
"2e9bcba0-31d6-48ef-9ec8-04ccbc838ff9","12",5,0.301,"Social"
"2e9bcba0-31d6-48ef-9ec8-04ccbc838ff9","12",6,0.477,"Social"
"2f184f61-d2b2-423c-bed5-027b0514aebd","6",1,0.593,"Non-social"
"2f184f61-d2b2-423c-bed5-027b0514aebd","6",2,0.586,"Non-social"
"2f184f61-d2b2-423c-bed5-027b0514aebd","6",3,0.6105,"Non-social"
"2f184f61-d2b2-423c-bed5-027b0514aebd","6",4,0.528,"Non-social"
"2f184f61-d2b2-423c-bed5-027b0514aebd","6",5,0.589,"Social"
"2f9f948f-d9da-40f2-b5b1-247207217245","12",1,0.653,"Non-social"
"2f9f948f-d9da-40f2-b5b1-247207217245","12",2,0.6785,"Non-social"
"2f9f948f-d9da-40f2-b5b1-247207217245","12",3,0.514,"Non-social"
"2f9f948f-d9da-40f2-b5b1-247207217245","12",4,0.3935,"Non-social"
"2f9f948f-d9da-40f2-b5b1-247207217245","12",5,0.795,"Social"
"31166c21-7fcb-4d7f-b606-1ce38fbea56f","6",1,0.323,"Non-social"
"31166c21-7fcb-4d7f-b606-1ce38fbea56f","6",2,0.5905,"Non-social"
"31166c21-7fcb-4d7f-b606-1ce38fbea56f","6",3,0.596,"Non-social"
"31166c21-7fcb-4d7f-b606-1ce38fbea56f","6",4,0.6825,"Non-social"
"31166c21-7fcb-4d7f-b606-1ce38fbea56f","6",5,0.656,"Social"
"31166c21-7fcb-4d7f-b606-1ce38fbea56f","6",6,0.5275,"Social"
"3253da16-238b-4f45-8610-dff84aa897d4","6",1,0.573,"Non-social"
"3253da16-238b-4f45-8610-dff84aa897d4","6",2,0.6445,"Non-social"
"3253da16-238b-4f45-8610-dff84aa897d4","6",3,0.6925,"Non-social"
"3253da16-238b-4f45-8610-dff84aa897d4","6",4,0.5595,"Non-social"
"3253da16-238b-4f45-8610-dff84aa897d4","6",5,0.711,"Social"
"3253da16-238b-4f45-8610-dff84aa897d4","6",6,0.48,"Social"
"33f4dfee-b330-49b3-a70d-c5497436bfe9","12",1,0.452,"Non-social"
"33f4dfee-b330-49b3-a70d-c5497436bfe9","12",2,0.5735,"Non-social"
"33f4dfee-b330-49b3-a70d-c5497436bfe9","12",3,0.451,"Non-social"
"33f4dfee-b330-49b3-a70d-c5497436bfe9","12",4,0.6625,"Non-social"
"33f4dfee-b330-49b3-a70d-c5497436bfe9","12",5,0.656,"Social"
"33f4dfee-b330-49b3-a70d-c5497436bfe9","12",6,0.5115,"Social"
"388e70f5-902e-4197-9bf0-61e5f32de097","12",1,0.63,"Non-social"
"388e70f5-902e-4197-9bf0-61e5f32de097","12",2,0.701,"Non-social"
"388e70f5-902e-4197-9bf0-61e5f32de097","12",3,0.584,"Non-social"
"388e70f5-902e-4197-9bf0-61e5f32de097","12",4,0.7515,"Non-social"
"388e70f5-902e-4197-9bf0-61e5f32de097","12",5,0.5755,"Social"
"388e70f5-902e-4197-9bf0-61e5f32de097","12",6,0.438,"Social"
"3f6f99f8-1ba6-4ce5-8a38-0e0179620eac","6",3,0.8135,"Non-social"
"3f6f99f8-1ba6-4ce5-8a38-0e0179620eac","6",4,0.4255,"Non-social"
"3f6f99f8-1ba6-4ce5-8a38-0e0179620eac","6",5,0.186,"Social"
"3f6f99f8-1ba6-4ce5-8a38-0e0179620eac","6",6,0.6615,"Social"
"3f7b7e18-3928-4322-9742-edbcbf580aeb","6",1,0.294,"Non-social"
"3f7b7e18-3928-4322-9742-edbcbf580aeb","6",3,0.945,"Non-social"
"3f7b7e18-3928-4322-9742-edbcbf580aeb","6",5,0.4255,"Social"
"3f7b7e18-3928-4322-9742-edbcbf580aeb","6",6,0.391,"Social"
"47306b3d-3f47-4fa4-853f-d4adbd50ba6c","6",1,0.4765,"Non-social"
"47306b3d-3f47-4fa4-853f-d4adbd50ba6c","6",2,0.7385,"Non-social"
"47306b3d-3f47-4fa4-853f-d4adbd50ba6c","6",3,0.219,"Non-social"
"47306b3d-3f47-4fa4-853f-d4adbd50ba6c","6",4,0.21,"Non-social"
"47306b3d-3f47-4fa4-853f-d4adbd50ba6c","6",5,0.33,"Social"
"47306b3d-3f47-4fa4-853f-d4adbd50ba6c","6",6,0.437,"Social"
"48444209-fd3a-4173-8854-366e6f1bb582","12",1,0.4075,"Non-social"
"48444209-fd3a-4173-8854-366e6f1bb582","12",3,0.8735,"Non-social"
"48444209-fd3a-4173-8854-366e6f1bb582","12",4,0.56,"Non-social"
"48444209-fd3a-4173-8854-366e6f1bb582","12",5,0.6215,"Social"
"484c17b3-9364-461b-80e7-1e3a2715ee8e","12",1,0.5555,"Non-social"
"484c17b3-9364-461b-80e7-1e3a2715ee8e","12",2,0.433,"Non-social"
"484c17b3-9364-461b-80e7-1e3a2715ee8e","12",3,0.781,"Non-social"
"484c17b3-9364-461b-80e7-1e3a2715ee8e","12",4,0.2705,"Non-social"
"484c17b3-9364-461b-80e7-1e3a2715ee8e","12",5,0.4955,"Social"
"4e025f99-b4fa-41d9-8ad9-824b9d88d2d9","6",2,0.424,"Non-social"
"4e025f99-b4fa-41d9-8ad9-824b9d88d2d9","6",3,0.862,"Non-social"
"4e025f99-b4fa-41d9-8ad9-824b9d88d2d9","6",4,0.989,"Non-social"
"4e025f99-b4fa-41d9-8ad9-824b9d88d2d9","6",5,0.7975,"Social"
"541b92ea-6a83-4026-b6ff-72575cba1785","12",1,0.573,"Non-social"
"541b92ea-6a83-4026-b6ff-72575cba1785","12",2,0.682,"Non-social"
"541b92ea-6a83-4026-b6ff-72575cba1785","12",3,0.4925,"Non-social"
"541b92ea-6a83-4026-b6ff-72575cba1785","12",4,0.763,"Non-social"
"541b92ea-6a83-4026-b6ff-72575cba1785","12",5,0.783,"Social"
"541b92ea-6a83-4026-b6ff-72575cba1785","12",6,0.753,"Social"
"542a740b-12ca-43b1-96a0-6b2c2142d327","6",1,0.5945,"Non-social"
"542a740b-12ca-43b1-96a0-6b2c2142d327","6",2,0.434,"Non-social"
"542a740b-12ca-43b1-96a0-6b2c2142d327","6",3,0.582,"Non-social"
"542a740b-12ca-43b1-96a0-6b2c2142d327","6",4,0.576,"Non-social"
"542a740b-12ca-43b1-96a0-6b2c2142d327","6",5,0.8005,"Social"
"542a740b-12ca-43b1-96a0-6b2c2142d327","6",6,0.5295,"Social"
"5695668c-eb3e-4156-8fe9-8c8615c26a4a","12",2,0.5725,"Non-social"
"5695668c-eb3e-4156-8fe9-8c8615c26a4a","12",3,0.7685,"Non-social"
"5695668c-eb3e-4156-8fe9-8c8615c26a4a","12",4,0.62,"Non-social"
"5695668c-eb3e-4156-8fe9-8c8615c26a4a","12",5,0.946,"Social"
"5695668c-eb3e-4156-8fe9-8c8615c26a4a","12",6,0.919,"Social"
"5864ecf2-7993-4712-9177-f4feeab105ea","12",1,0.5895,"Non-social"
"5864ecf2-7993-4712-9177-f4feeab105ea","12",2,0.7415,"Non-social"
"5864ecf2-7993-4712-9177-f4feeab105ea","12",3,0.603,"Non-social"
"5864ecf2-7993-4712-9177-f4feeab105ea","12",4,0.729,"Non-social"
"5864ecf2-7993-4712-9177-f4feeab105ea","12",5,0.429,"Social"
"5864ecf2-7993-4712-9177-f4feeab105ea","12",6,0.588,"Social"
"5a7ea095-c369-46ce-9b7e-5538504dce52","6",1,0.5055,"Non-social"
"5a7ea095-c369-46ce-9b7e-5538504dce52","6",2,0.8345,"Non-social"
"5a7ea095-c369-46ce-9b7e-5538504dce52","6",3,0.752,"Non-social"
"5a7ea095-c369-46ce-9b7e-5538504dce52","6",4,0.701,"Non-social"
"5a7ea095-c369-46ce-9b7e-5538504dce52","6",5,0.696,"Social"
"5a7ea095-c369-46ce-9b7e-5538504dce52","6",6,0.2455,"Social"
"5ec484d7-b2e0-47ab-ab9a-34290f15cfcc","12",1,0.346,"Non-social"
"5ec484d7-b2e0-47ab-ab9a-34290f15cfcc","12",2,0.484,"Non-social"
"623e1a76-c6b1-4069-a73e-d24df01bc069","12",1,0.47,"Non-social"
"623e1a76-c6b1-4069-a73e-d24df01bc069","12",2,0.6655,"Non-social"
"623e1a76-c6b1-4069-a73e-d24df01bc069","12",3,0.558,"Non-social"
"623e1a76-c6b1-4069-a73e-d24df01bc069","12",4,0.6565,"Non-social"
"623e1a76-c6b1-4069-a73e-d24df01bc069","12",5,0.6985,"Social"
"623e1a76-c6b1-4069-a73e-d24df01bc069","12",6,0.927,"Social"
"6cc17b70-29de-481b-8672-f70a2428e0f9","6",1,0.4115,"Non-social"
"6cc17b70-29de-481b-8672-f70a2428e0f9","6",2,0.5245,"Non-social"
"6cc17b70-29de-481b-8672-f70a2428e0f9","6",3,0.5465,"Non-social"
"6cc17b70-29de-481b-8672-f70a2428e0f9","6",4,0.559,"Non-social"
"6cc17b70-29de-481b-8672-f70a2428e0f9","6",5,0.777,"Social"
"6cc17b70-29de-481b-8672-f70a2428e0f9","6",6,0.363,"Social"
"8027ff65-17d3-4496-a0f3-e4feeaee5ffe","12",1,0.375,"Non-social"
"8027ff65-17d3-4496-a0f3-e4feeaee5ffe","12",2,0.505,"Non-social"
"8027ff65-17d3-4496-a0f3-e4feeaee5ffe","12",4,0.112,"Non-social"
"8027ff65-17d3-4496-a0f3-e4feeaee5ffe","12",5,0.45,"Social"
"82e131df-e2ce-47da-9b19-990c27fa04a7","12",1,0.62,"Non-social"
"82e131df-e2ce-47da-9b19-990c27fa04a7","12",2,0.426,"Non-social"
"82e131df-e2ce-47da-9b19-990c27fa04a7","12",3,0.5855,"Non-social"
"82e131df-e2ce-47da-9b19-990c27fa04a7","12",4,0.645,"Non-social"
"84d5c1e5-cadb-46dd-aca5-1a906e3916ca","12",1,0.5545,"Non-social"
"84d5c1e5-cadb-46dd-aca5-1a906e3916ca","12",2,0.5,"Non-social"
"84d5c1e5-cadb-46dd-aca5-1a906e3916ca","12",4,0.5795,"Non-social"
"84d5c1e5-cadb-46dd-aca5-1a906e3916ca","12",5,0.571,"Social"
"84d5c1e5-cadb-46dd-aca5-1a906e3916ca","12",6,0.4925,"Social"
"88ff4560-925e-4786-a72a-41dcb62716b6","12",1,0.489,"Non-social"
"8a362df5-0bae-43b3-a757-fd160cf111aa","6",1,0.5655,"Non-social"
"8a362df5-0bae-43b3-a757-fd160cf111aa","6",2,0.46,"Non-social"
"8a362df5-0bae-43b3-a757-fd160cf111aa","6",3,0.402,"Non-social"
"8a362df5-0bae-43b3-a757-fd160cf111aa","6",4,0.497,"Non-social"
"8a362df5-0bae-43b3-a757-fd160cf111aa","6",5,0.587,"Social"
"8a362df5-0bae-43b3-a757-fd160cf111aa","6",6,0.232,"Social"
"8df921fc-7c18-41bf-8a95-f3ebc3668b4f","6",3,0.698,"Non-social"
"924bd4e6-f346-4f1a-9c6b-c6db75dd7afb","6",1,0.519,"Non-social"
"924bd4e6-f346-4f1a-9c6b-c6db75dd7afb","6",2,0.082,"Non-social"
"924bd4e6-f346-4f1a-9c6b-c6db75dd7afb","6",3,0.532,"Non-social"
"924bd4e6-f346-4f1a-9c6b-c6db75dd7afb","6",4,0.336,"Non-social"
"924bd4e6-f346-4f1a-9c6b-c6db75dd7afb","6",5,0.553,"Social"
"924bd4e6-f346-4f1a-9c6b-c6db75dd7afb","6",6,0.4055,"Social"
"948f9377-b3b7-4910-87d6-b64eeee52434","6",1,0.414,"Non-social"
"948f9377-b3b7-4910-87d6-b64eeee52434","6",2,0.61,"Non-social"
"948f9377-b3b7-4910-87d6-b64eeee52434","6",3,0.323,"Non-social"
"948f9377-b3b7-4910-87d6-b64eeee52434","6",4,0.542,"Non-social"
"948f9377-b3b7-4910-87d6-b64eeee52434","6",5,0.7915,"Social"
"948f9377-b3b7-4910-87d6-b64eeee52434","6",6,0.6495,"Social"
"95b2ce0f-c3c6-4de4-8d32-9f050ab5c501","6",1,0.763,"Non-social"
"96525cba-df8a-4248-90f6-220441592b0e","12",1,0.6555,"Non-social"
"96525cba-df8a-4248-90f6-220441592b0e","12",2,0.549,"Non-social"
"96525cba-df8a-4248-90f6-220441592b0e","12",3,0.6035,"Non-social"
"96525cba-df8a-4248-90f6-220441592b0e","12",4,0.589,"Non-social"
"96525cba-df8a-4248-90f6-220441592b0e","12",5,0.605,"Social"
"9fd3fdc0-0d1d-4684-8567-479616056287","6",1,0.644,"Non-social"
"9fd3fdc0-0d1d-4684-8567-479616056287","6",4,0.5175,"Non-social"
"9fd3fdc0-0d1d-4684-8567-479616056287","6",6,0.4985,"Social"
"9fd4e3f9-ea8a-48df-a526-04bdbc59ac79","12",1,0.624,"Non-social"
"9fd4e3f9-ea8a-48df-a526-04bdbc59ac79","12",2,0.688,"Non-social"
"9fd4e3f9-ea8a-48df-a526-04bdbc59ac79","12",3,0.626,"Non-social"
"9fd4e3f9-ea8a-48df-a526-04bdbc59ac79","12",4,0.549,"Non-social"
"9fd4e3f9-ea8a-48df-a526-04bdbc59ac79","12",5,0.82,"Social"
"9fd4e3f9-ea8a-48df-a526-04bdbc59ac79","12",6,0.555,"Social"
"a0fe20d1-1d1b-420a-9cf1-5d3077547554","6",1,0.5275,"Non-social"
"a0fe20d1-1d1b-420a-9cf1-5d3077547554","6",2,0.685,"Non-social"
"a0fe20d1-1d1b-420a-9cf1-5d3077547554","6",3,0.562,"Non-social"
"a0fe20d1-1d1b-420a-9cf1-5d3077547554","6",4,0.912,"Non-social"
"a0fe20d1-1d1b-420a-9cf1-5d3077547554","6",5,0.867,"Social"
"a0fe20d1-1d1b-420a-9cf1-5d3077547554","6",6,0.264,"Social"
"a41efa95-31e9-4d20-ac63-5662316bd7e5","6",1,0.515,"Non-social"
"a41efa95-31e9-4d20-ac63-5662316bd7e5","6",2,0.5985,"Non-social"
"a41efa95-31e9-4d20-ac63-5662316bd7e5","6",3,0.548,"Non-social"
"a41efa95-31e9-4d20-ac63-5662316bd7e5","6",4,0.61,"Non-social"
"a41efa95-31e9-4d20-ac63-5662316bd7e5","6",5,0.7175,"Social"
"a4731982-01e9-4848-a2f0-a62d433a2ff1","6",1,0.4205,"Non-social"
"a4731982-01e9-4848-a2f0-a62d433a2ff1","6",2,0.608,"Non-social"
"a4731982-01e9-4848-a2f0-a62d433a2ff1","6",3,0.493,"Non-social"
"a4731982-01e9-4848-a2f0-a62d433a2ff1","6",4,0.5055,"Non-social"
"a4731982-01e9-4848-a2f0-a62d433a2ff1","6",5,0.6245,"Social"
"a4731982-01e9-4848-a2f0-a62d433a2ff1","6",6,0.432,"Social"
"a5dedd8f-fc40-40d4-a794-01c2637fc2ce","12",1,0.3885,"Non-social"
"a5dedd8f-fc40-40d4-a794-01c2637fc2ce","12",2,0.555,"Non-social"
"a5dedd8f-fc40-40d4-a794-01c2637fc2ce","12",3,0.563,"Non-social"
"a5dedd8f-fc40-40d4-a794-01c2637fc2ce","12",4,0.628,"Non-social"
"a5dedd8f-fc40-40d4-a794-01c2637fc2ce","12",5,0.516,"Social"
"a5dedd8f-fc40-40d4-a794-01c2637fc2ce","12",6,0.42,"Social"
"a6141b72-7df0-44a4-9f7f-c1da97daae50","12",1,0.707,"Non-social"
"a6141b72-7df0-44a4-9f7f-c1da97daae50","12",2,0.465,"Non-social"
"a6141b72-7df0-44a4-9f7f-c1da97daae50","12",3,0.572,"Non-social"
"a6141b72-7df0-44a4-9f7f-c1da97daae50","12",4,0.588,"Non-social"
"a6141b72-7df0-44a4-9f7f-c1da97daae50","12",5,0.713,"Social"
"a6141b72-7df0-44a4-9f7f-c1da97daae50","12",6,0.18,"Social"
"a8aae5c6-ec9b-4dfd-a9c1-4f5976d2d60f","6",1,0.443,"Non-social"
"a8aae5c6-ec9b-4dfd-a9c1-4f5976d2d60f","6",2,0.438,"Non-social"
"a8aae5c6-ec9b-4dfd-a9c1-4f5976d2d60f","6",3,0.358,"Non-social"
"a8aae5c6-ec9b-4dfd-a9c1-4f5976d2d60f","6",4,0.7285,"Non-social"
"a8aae5c6-ec9b-4dfd-a9c1-4f5976d2d60f","6",5,0.6145,"Social"
"a8aae5c6-ec9b-4dfd-a9c1-4f5976d2d60f","6",6,0.723,"Social"
"aac0690d-0aa0-4ba1-923c-8d11717f228b","12",1,0.4475,"Non-social"
"aac0690d-0aa0-4ba1-923c-8d11717f228b","12",2,0.583,"Non-social"
"aac0690d-0aa0-4ba1-923c-8d11717f228b","12",3,0.696,"Non-social"
"aac0690d-0aa0-4ba1-923c-8d11717f228b","12",4,0.735,"Non-social"
"aac0690d-0aa0-4ba1-923c-8d11717f228b","12",5,0.6905,"Social"
"aac0690d-0aa0-4ba1-923c-8d11717f228b","12",6,0.854,"Social"
"ad5bf6d6-7ae2-4b4d-b102-d8406e77c167","6",1,0.5565,"Non-social"
"ad5bf6d6-7ae2-4b4d-b102-d8406e77c167","6",2,0.556,"Non-social"
"ad5bf6d6-7ae2-4b4d-b102-d8406e77c167","6",3,0.543,"Non-social"
"ad5bf6d6-7ae2-4b4d-b102-d8406e77c167","6",4,0.138,"Non-social"
"ad5bf6d6-7ae2-4b4d-b102-d8406e77c167","6",5,0.8485,"Social"
"ad5bf6d6-7ae2-4b4d-b102-d8406e77c167","6",6,0.8,"Social"
"ae4de261-f5e7-4282-817b-71d298e6ccec","12",1,0.4895,"Non-social"
"ae4de261-f5e7-4282-817b-71d298e6ccec","12",2,0.546,"Non-social"
"ae4de261-f5e7-4282-817b-71d298e6ccec","12",3,0.581,"Non-social"
"ae4de261-f5e7-4282-817b-71d298e6ccec","12",4,0.677,"Non-social"
"ae4de261-f5e7-4282-817b-71d298e6ccec","12",5,0.5,"Social"
"ae4de261-f5e7-4282-817b-71d298e6ccec","12",6,0.545,"Social"
"af5f2baa-7fed-41c3-83f8-c0c53f202782","6",1,0.274,"Non-social"
"af5f2baa-7fed-41c3-83f8-c0c53f202782","6",2,0.711,"Non-social"
"af5f2baa-7fed-41c3-83f8-c0c53f202782","6",5,0.7485,"Social"
"af5f2baa-7fed-41c3-83f8-c0c53f202782","6",6,0.579,"Social"
"b3281ac1-0414-4b63-884a-00770a2c0498","6",1,0.415,"Non-social"
"b3281ac1-0414-4b63-884a-00770a2c0498","6",2,0.701,"Non-social"
"b3281ac1-0414-4b63-884a-00770a2c0498","6",3,0.531,"Non-social"
"b3281ac1-0414-4b63-884a-00770a2c0498","6",4,0.5065,"Non-social"
"b3281ac1-0414-4b63-884a-00770a2c0498","6",5,0.3975,"Social"
"b75d59f9-2eb2-464a-872c-c8191db86003","12",1,0.4905,"Non-social"
"b75d59f9-2eb2-464a-872c-c8191db86003","12",2,0.791,"Non-social"
"b75d59f9-2eb2-464a-872c-c8191db86003","12",3,0.734,"Non-social"
"b75d59f9-2eb2-464a-872c-c8191db86003","12",4,0.448,"Non-social"
"b75d59f9-2eb2-464a-872c-c8191db86003","12",5,0.859,"Social"
"b9679102-1cee-4edb-9cd4-00f0aba34ed2","6",1,0.718,"Non-social"
"b9679102-1cee-4edb-9cd4-00f0aba34ed2","6",2,0.6585,"Non-social"
"b9679102-1cee-4edb-9cd4-00f0aba34ed2","6",3,0.4165,"Non-social"
"b9679102-1cee-4edb-9cd4-00f0aba34ed2","6",4,0.967,"Non-social"
"b9679102-1cee-4edb-9cd4-00f0aba34ed2","6",5,0.719,"Social"
"b9679102-1cee-4edb-9cd4-00f0aba34ed2","6",6,0.4625,"Social"
"ba157a71-c389-4320-a764-5178216947a5","12",3,0.5515,"Non-social"
"ba157a71-c389-4320-a764-5178216947a5","12",6,0.553,"Social"
"be476632-1647-4ae8-8497-1d82d41d32b6","6",1,0.4355,"Non-social"
"be476632-1647-4ae8-8497-1d82d41d32b6","6",2,0.4325,"Non-social"
"be476632-1647-4ae8-8497-1d82d41d32b6","6",3,0.597,"Non-social"
"be476632-1647-4ae8-8497-1d82d41d32b6","6",5,0.4405,"Social"
"be476632-1647-4ae8-8497-1d82d41d32b6","6",6,0.09,"Social"
"c249ac99-7103-4d9f-a385-6433ef511b7a","6",1,0.42,"Non-social"
"c249ac99-7103-4d9f-a385-6433ef511b7a","6",2,0.906,"Non-social"
"c249ac99-7103-4d9f-a385-6433ef511b7a","6",3,0.635,"Non-social"
"c249ac99-7103-4d9f-a385-6433ef511b7a","6",4,0.631,"Non-social"
"c249ac99-7103-4d9f-a385-6433ef511b7a","6",5,0.3945,"Social"
"c249ac99-7103-4d9f-a385-6433ef511b7a","6",6,0.568,"Social"
"cd0bcb7f-64fb-4cd3-85eb-74011bc1f834","6",1,0.799,"Non-social"
"cd0bcb7f-64fb-4cd3-85eb-74011bc1f834","6",2,0.803,"Non-social"
"cd0bcb7f-64fb-4cd3-85eb-74011bc1f834","6",3,0.201,"Non-social"
"ce3576ae-b709-4de2-9d36-32dc5df83253","12",1,0.4465,"Non-social"
"ce3576ae-b709-4de2-9d36-32dc5df83253","12",2,0.74,"Non-social"
"ce3576ae-b709-4de2-9d36-32dc5df83253","12",3,0.651,"Non-social"
"ce3576ae-b709-4de2-9d36-32dc5df83253","12",4,0.678,"Non-social"
"ce3576ae-b709-4de2-9d36-32dc5df83253","12",5,0.871,"Social"
"ce3576ae-b709-4de2-9d36-32dc5df83253","12",6,0.594,"Social"
"d139f6f2-6b46-45a9-b60b-5d7f1b571c5d","6",1,0.38,"Non-social"
"d139f6f2-6b46-45a9-b60b-5d7f1b571c5d","6",2,0.5955,"Non-social"
"d139f6f2-6b46-45a9-b60b-5d7f1b571c5d","6",3,0.5315,"Non-social"
"d139f6f2-6b46-45a9-b60b-5d7f1b571c5d","6",4,0.3925,"Non-social"
"d139f6f2-6b46-45a9-b60b-5d7f1b571c5d","6",5,0.4525,"Social"
"d139f6f2-6b46-45a9-b60b-5d7f1b571c5d","6",6,0.8345,"Social"
"d3bcd095-67fd-4c4f-ba8a-fdc71bf14fa8","6",1,0.867,"Non-social"
"d3bcd095-67fd-4c4f-ba8a-fdc71bf14fa8","6",2,0.4825,"Non-social"
"d3bcd095-67fd-4c4f-ba8a-fdc71bf14fa8","6",3,0.3295,"Non-social"
"d3bcd095-67fd-4c4f-ba8a-fdc71bf14fa8","6",4,0.374,"Non-social"
"d3bcd095-67fd-4c4f-ba8a-fdc71bf14fa8","6",5,0.6875,"Social"
"d3bcd095-67fd-4c4f-ba8a-fdc71bf14fa8","6",6,0.6965,"Social"
"d7947371-1fbc-444b-9f5b-8c93452af17c","12",1,0.6455,"Non-social"
"d7947371-1fbc-444b-9f5b-8c93452af17c","12",2,0.777,"Non-social"
"d7947371-1fbc-444b-9f5b-8c93452af17c","12",3,0.662,"Non-social"
"d7947371-1fbc-444b-9f5b-8c93452af17c","12",4,0.3905,"Non-social"
"d7947371-1fbc-444b-9f5b-8c93452af17c","12",5,0.66,"Social"
"d7947371-1fbc-444b-9f5b-8c93452af17c","12",6,0.976,"Social"
"da02ea62-68b6-4b32-965d-9676bd328193","12",1,0.547,"Non-social"
"da02ea62-68b6-4b32-965d-9676bd328193","12",2,0.702,"Non-social"
"da02ea62-68b6-4b32-965d-9676bd328193","12",3,0.5395,"Non-social"
"da02ea62-68b6-4b32-965d-9676bd328193","12",4,0.478,"Non-social"
"da02ea62-68b6-4b32-965d-9676bd328193","12",6,0.792,"Social"
"daa9097b-722d-4e57-846a-97a5e548e2ce","6",1,0.547,"Non-social"
"daa9097b-722d-4e57-846a-97a5e548e2ce","6",2,0.957,"Non-social"
"daa9097b-722d-4e57-846a-97a5e548e2ce","6",3,0.901,"Non-social"
"dff41178-de67-4642-b884-f99a16e49bb5","12",1,0.506,"Non-social"
"dff41178-de67-4642-b884-f99a16e49bb5","12",4,0.5485,"Non-social"
"dff41178-de67-4642-b884-f99a16e49bb5","12",5,0.369,"Social"
"dff41178-de67-4642-b884-f99a16e49bb5","12",6,0.094,"Social"
"e028c328-ed67-4893-bb83-7b2528bb3c3f","6",1,0.274,"Non-social"
"e028c328-ed67-4893-bb83-7b2528bb3c3f","6",2,0.5595,"Non-social"
"e028c328-ed67-4893-bb83-7b2528bb3c3f","6",3,0.5835,"Non-social"
"e028c328-ed67-4893-bb83-7b2528bb3c3f","6",4,0.746,"Non-social"
"e028c328-ed67-4893-bb83-7b2528bb3c3f","6",5,0.6085,"Social"
"e028c328-ed67-4893-bb83-7b2528bb3c3f","6",6,0.5925,"Social"
"e18df596-60eb-4e9e-a8eb-0de2cba617dd","12",1,0.544,"Non-social"
"e18df596-60eb-4e9e-a8eb-0de2cba617dd","12",2,0.6535,"Non-social"
"e18df596-60eb-4e9e-a8eb-0de2cba617dd","12",3,0.6175,"Non-social"
"e18df596-60eb-4e9e-a8eb-0de2cba617dd","12",4,0.507,"Non-social"
"e18df596-60eb-4e9e-a8eb-0de2cba617dd","12",5,0.79,"Social"
"e18df596-60eb-4e9e-a8eb-0de2cba617dd","12",6,0.96,"Social"
"e6681ec0-8580-4c90-8b78-ba2eda235b24","6",1,0.323,"Non-social"
"e6681ec0-8580-4c90-8b78-ba2eda235b24","6",2,0.7215,"Non-social"
"e6681ec0-8580-4c90-8b78-ba2eda235b24","6",3,0.4885,"Non-social"
"e6681ec0-8580-4c90-8b78-ba2eda235b24","6",4,0.648,"Non-social"
"e6681ec0-8580-4c90-8b78-ba2eda235b24","6",5,0.411,"Social"
"e6681ec0-8580-4c90-8b78-ba2eda235b24","6",6,0.719,"Social"
"e9c93b65-ba91-47f9-ba15-ebd49936a22c","12",1,0.636,"Non-social"
"e9c93b65-ba91-47f9-ba15-ebd49936a22c","12",2,0.374,"Non-social"
"e9c93b65-ba91-47f9-ba15-ebd49936a22c","12",3,0.47,"Non-social"
"e9c93b65-ba91-47f9-ba15-ebd49936a22c","12",4,0.629,"Non-social"
"e9c93b65-ba91-47f9-ba15-ebd49936a22c","12",5,0.591,"Social"
"ebffac03-2b65-487b-a944-4680e1ebc410","6",1,0.442,"Non-social"
"ebffac03-2b65-487b-a944-4680e1ebc410","6",2,0.75,"Non-social"
"ebffac03-2b65-487b-a944-4680e1ebc410","6",3,0.548,"Non-social"
"ebffac03-2b65-487b-a944-4680e1ebc410","6",4,0.605,"Non-social"
"ebffac03-2b65-487b-a944-4680e1ebc410","6",5,0.543,"Social"
"ebffac03-2b65-487b-a944-4680e1ebc410","6",6,0.607,"Social"
"ed8fc258-ab43-41e2-8294-5f349ef3d9c1","6",1,0.663,"Non-social"
"ed8fc258-ab43-41e2-8294-5f349ef3d9c1","6",2,0.618,"Non-social"
"ed8fc258-ab43-41e2-8294-5f349ef3d9c1","6",3,0.5365,"Non-social"
"ed8fc258-ab43-41e2-8294-5f349ef3d9c1","6",4,0.7895,"Non-social"
"ed8fc258-ab43-41e2-8294-5f349ef3d9c1","6",5,0.799,"Social"
"ed8fc258-ab43-41e2-8294-5f349ef3d9c1","6",6,0.2535,"Social"
"fe85735d-5680-4edc-b835-3a70d4d90a9f","12",4,0.126,"Non-social"
